np;wall time
2;2.052143
3;1.240040
5;0.665945
9;0.680434
17;4.742313
33;13.231598
