np;wall time
2;36.000000
3;24.000000
5;16.000000
9;12.000000
17;11.000000
33;11.000000
