np;wall time
2;2.022709
3;1.052749
5;0.629721
9;0.634861
17;2.113390
33;12.443438
