np;wall time
2;0.653900
3;0.572067
5;0.558558
9;0.751608
17;9.712128
33;21.188178
