np;wall time
2;0.586828
3;0.500729
5;0.520486
9;0.751748
17;2.272987
33;15.098359
