np;wall time
2;1.124426
3;0.671650
5;0.426876
9;0.480320
17;1.260181
33;12.717739
